,obj gurobi,status ,solve time,obj CCopt,status,solve time,obj Ipopt,,
quad_b0.02_S10.dat,145.22891751896992,4,0.20799994468688965,145.2289175175073,4,3.36299991607666,145.22891751896992,4,0.2199997901916504
quad_b0.02_S15.dat,145.37048953586066,4,0.40000009536743164,145.37048943163055,4,0.015999794006347656,145.37048953586066,4,0.4010000228881836
quad_b0.02_S20.dat,144.21076926237737,4,0.6380000114440918,144.2107691418799,4,0.016000032424926758,144.21076926237737,4,0.6349999904632568
quad_b0.02_S25.dat,145.56564100341305,4,0.7680001258850098,145.56564085418327,4,0.03399991989135742,145.56564100341305,4,0.7829999923706055
quad_b0.02_S30.dat,144.6665818712576,4,1.0980000495910645,144.6665818667345,4,0.03299999237060547,144.6665818712576,4,1.059999942779541
quad_b0.02_S35.dat,145.28885420316098,4,1.3589999675750732,145.28885437867766,4,0.037999868392944336,145.28885420316098,4,1.3440001010894775
quad_b0.02_S40.dat,141.94515188476953,4,1.5909998416900635,141.94515190088802,4,0.03099989891052246,141.94515188476953,4,1.564000129699707
quad_b0.02_S45.dat,144.02339894351377,4,2.062000036239624,144.02339874425397,4,0.04699993133544922,144.02339894351377,4,2.000999927520752
quad_b0.02_S5.dat,146.97080006302912,4,0.06599998474121094,146.9708002418309,10,0.014000177383422852,146.97080006302912,4,0.06299996376037598
quad_b0.02_S50.dat,145.54888189504572,4,2.328999996,145.54888165173577,4,0.04699993133544922,145.54888189504572,4,2.2829999923706055
quad_b0.03_S10.dat,98.10117494243184,4,0.315000057220459,98.10117500609759,10,0.07899999618530273,98.10117494243184,4,0.30500006675720215
quad_b0.03_S15.dat,98.10119460639807,4,0.43600010871887207,98.10119463466994,10,0.0559999942779541,98.10119460639807,4,0.442000150680542
quad_b0.03_S20.dat,98.10117452962889,4,0.5369999408721924,98.1011745122925,10,0.03299999237060547,98.10117452962889,4,0.5509998798370361
quad_b0.03_S25.dat,98.10117516903686,4,0.8040001392364502,98.10117527786352,10,0.03299999237060547,98.10117516903686,4,0.8680000305175781
quad_b0.03_S30.dat,98.10118480995887,4,1.2220001220703125,98.10118494039709,10,0.04999995231628418,98.10118480995887,4,1.2300000190734863
quad_b0.03_S35.dat,98.10120470225013,4,1.4680001735687256,98.10120483271177,10,0.07899999618530273,98.10120470225013,4,1.4240000247955322
quad_b0.03_S40.dat,98.10120318594008,4,1.5169999599456787,98.10120407815498,10,0.11500000953674316,98.10120318594008,4,1.440000057220459
quad_b0.03_S45.dat,98.1012132141921,4,1.6800000667572021,98.10121330278459,10,0.12800002098083496,98.1012132141921,4,1.6430001258850098
quad_b0.03_S5.dat,98.1011643948287,4,0.0989999771118164,98.10116470524287,10,0.04699993133544922,98.1011643948287,4,0.10199999809265137
quad_b0.03_S50.dat,98.10125345234306,4,2.065000057220459,98.10125361806851,10,0.09399986267089844,98.10125345234306,4,2.009999990463257
quad_b0.04_S10.dat,73.57588125657043,4,0.15399980545043945,73.57588178984581,10,0.016000032424926758,73.57588125657043,4,0.17300009727478027
quad_b0.04_S15.dat,73.57589638580666,4,0.35199999809265137,73.57589637232876,10,0.031999826431274414,73.57589638580666,4,0.3690001964569092
quad_b0.04_S20.dat,73.57588113010229,4,0.6380000114440918,73.5758812345639,10,0.03400015830993652,73.57588113010229,4,0.6739997863769531
quad_b0.04_S25.dat,73.5758816239508,4,0.7699999809265137,73.57588173027604,10,0.029000043869018555,73.5758816239508,4,0.7549998760223389
quad_b0.04_S30.dat,73.575888909321,4,0.9679999351501465,73.57588894519954,10,0.08800005912780762,73.575888909321,4,0.9809999465942383
quad_b0.04_S35.dat,73.5759039631873,4,1.2239999771118164,73.57590405493032,10,0.10100007057189941,73.5759039631873,4,1.2179999351501465
quad_b0.04_S40.dat,73.57590324595091,4,1.3489999771118164,73.5759035151504,10,0.1119999885559082,73.57590324595091,4,1.2980000972747803
quad_b0.04_S45.dat,73.5759099835361,4,1.6109998226165771,73.5759101094485,10,0.0970001220703125,73.5759099835361,4,1.5839998722076416
quad_b0.04_S5.dat,73.57587298849329,4,0.08300018310546875,73.57587366789748,10,0.031999826431274414,73.57587298849329,4,0.07800006866455078
quad_b0.04_S50.dat,73.57594054062497,4,2.3339998722076416,73.57594053375418,10,0.12899994850158691,73.57594054062497,4,2.2230000495910645
quad_b0.05_S10.dat,58.90990251396754,4,0.16099977493286133,59.02015145845276,10,0.031000137329101562,58.90990251396754,4,0.17199993133544922
quad_b0.05_S15.dat,58.91528291046564,4,0.38299989700317383,58.94585578704482,10,0.057000160217285156,58.91528291046564,4,0.37800002098083496
quad_b0.05_S20.dat,58.94181750902387,4,0.5169999599456787,58.96520823267928,10,0.06800007820129395,58.94181750902387,4,0.5169999599456787
quad_b0.05_S25.dat,58.92318360306235,4,0.8050000667572021,58.93719670740512,10,0.08299994468688965,58.92318360306235,4,0.7960000038146973
quad_b0.05_S30.dat,58.93443540818987,4,0.9529998302459717,58.9346273224796,10,0.11700010299682617,58.93443540818987,4,0.9309999942779541
quad_b0.05_S35.dat,58.87472229767027,4,1.0360000133514404,58.87588988867588,10,0.10000014305114746,58.87472229767027,4,1.0079998970031738
quad_b0.05_S40.dat,58.870451105675805,4,1.244999885559082,58.87060348472573,10,0.10699987411499023,58.870451105675805,4,1.2209999561309814
quad_b0.05_S45.dat,58.90752578674038,4,1.6100001335144043,58.93340144026576,10,0.13200020790100098,58.90752578674038,4,1.616999864578247
quad_b0.05_S5.dat,58.87630586544854,4,0.10299992561340332,58.897146840995006,10,0.02500009536743164,58.87630586544854,4,0.09500002861022949
quad_b0.05_S50.dat,58.87678344359325,4,1.8640000820159912,58.87904664583914,10,0.11500000953674316,58.87678344359325,4,1.74399995803833
quad_b0.1_S10.dat,33.25213574266543,4,0.10400009155273438,33.25213580972395,10,0.01900005340576172,33.25213574266543,4,0.11300015449523926
quad_b0.1_S15.dat,32.73244706410563,4,0.28799986839294434,32.730803751503885,10,0.015000104904174805,32.73244706410563,4,0.3020000457763672
quad_b0.1_S20.dat,33.74125227921571,4,0.34999990463256836,33.80765778305535,10,0.04699993133544922,33.74125227921571,4,0.3530001640319824
quad_b0.1_S25.dat,33.31905517604121,4,0.36500000953674316,33.31905525384673,10,0.03099989891052246,33.31905517604121,4,0.38899993896484375
quad_b0.1_S30.dat,35.35277892044318,4,0.6200001239776611,35.35277901993615,10,0.06699991226196289,35.35277892044318,4,0.6349999904632568
quad_b0.1_S35.dat,32.41154328532809,4,0.6710000038146973,32.41164765207806,10,0.06699991226196289,32.41154328532809,4,0.681999921798706
quad_b0.1_S40.dat,35.43409373559055,4,1.0230000019073486,35.43409383714734,10,0.06700015068054199,35.43409373559055,4,1.0289998054504395
quad_b0.1_S45.dat,36.34241550605583,4,1.1419999599456787,36.35969391605893,10,0.07399988174438477,36.34241550605583,4,1.1089999675750732
quad_b0.1_S5.dat,34.388469868861115,4,0.03299999237060547,34.38846990444148,10,0.0,34.388469868861115,4,0.056999921798706055
quad_b0.1_S50.dat,32.9209940879838,4,1.500999927520752,32.920994100283195,10,0.12299990653991699,32.9209940879838,4,1.437999963760376
quad_b0.5_S10.dat,17.074111290513137,4,0.13299989700317383,27.659631451986986,10,0.03099989891052246,17.074111290513137,4,0.13400006294250488
quad_b0.5_S15.dat,24.315170248051434,4,0.28800010681152344,27.131766997045116,10,0.03099989891052246,24.315170248051434,4,0.2850000858306885
quad_b0.5_S20.dat,30.895055908921073,4,0.25500011444091797,30.895056001644836,10,0.04699993133544922,30.895055908921073,4,0.24300003051757812
quad_b0.5_S25.dat,26.423909628142383,4,0.3880000114440918,26.423909738334196,10,0.04699993133544922,26.423909628142383,4,0.38899993896484375
quad_b0.5_S30.dat,25.69596452124954,4,0.37199997901916504,25.695964659163135,10,0.06300020217895508,25.69596452124954,4,0.372999906539917
quad_b0.5_S35.dat,22.123135788921086,4,1.0600001811981201,22.123135810409646,10,0.10099983215332031,22.123135788921086,4,1.065999984741211
quad_b0.5_S40.dat,30.362124039202524,4,1.0739998817443848,30.362124173123892,10,0.10000014305114746,30.362124039202524,4,1.0490000247955322
quad_b0.5_S45.dat,33.626351975625084,4,1.1180000305175781,33.62635212404372,10,0.15000009536743164,33.626351975625084,4,1.0880000591278076
quad_b0.5_S5.dat,29.473731532927495,4,0.04999995231628418,29.473731541705654,4,0.0,29.473731532927495,4,0.0559999942779541
quad_b0.5_S50.dat,22.033175758370906,4,1.88100004196167,22.033175925889434,10,0.1099998950958252,22.033175758370906,4,1.8220000267028809
quad_b0.7_S10.dat,17.697890712926878,4,0.08299994468688965,28.267251364629267,10,0.016000032424926758,17.697890712926878,4,0.09399986267089844
quad_b0.7_S15.dat,24.246499884450994,4,0.3280000686645508,24.246499985446597,10,0.04699993133544922,24.246499884450994,4,0.32899999618530273
quad_b0.7_S20.dat,31.32970954697214,4,0.30100011825561523,31.329709638516682,10,0.04399991035461426,31.32970954697214,4,0.2840001583099365
quad_b0.7_S25.dat,26.765306749952018,4,0.5299999713897705,24.131015778231355,10,0.06500005722045898,26.765306749952018,4,0.5340001583099365
quad_b0.7_S30.dat,25.489241750747812,4,0.36699986457824707,26.853520137021494,10,0.1419999599456787,25.489241750747812,4,0.3619999885559082
quad_b0.7_S35.dat,22.710098551050034,4,1.1770000457763672,22.717668352099636,10,0.0989999771118164,22.710098551050034,4,1.1719999313354492
quad_b0.7_S40.dat,30.807534679503956,4,1.0850000381469727,30.82830107198663,10,0.08299994468688965,30.807534679503956,4,1.061000108718872
quad_b0.7_S45.dat,34.966364243298166,4,1.628999948501587,34.415223975763865,10,0.12100005149841309,34.966364243298166,4,1.5410001277923584
quad_b0.7_S5.dat,29.91636541731496,4,0.07200002670288086,29.91636541851622,4,0.006999969482421875,29.91636541731496,4,0.06299996376037598
quad_b0.7_S50.dat,21.825735187517875,4,1.6480000019073486,21.883293262687353,10,0.1099998950958252,21.825735187517875,4,1.6100001335144043
quad_b10_S10.dat,31.050603260046785,4,0.09100008010864258,31.050603326188394,10,0.023999929428100586,31.050603260046785,4,0.09500002861022949
quad_b10_S15.dat,25.581644859921642,4,0.18000006675720215,30.129003999335985,10,0.0560002326965332,25.581644859921642,4,0.19499993324279785
quad_b10_S20.dat,31.68528039559244,4,0.28099989891052246,31.55328290040623,10,0.07299995422363281,31.68528039559244,4,0.2840001583099365
quad_b10_S25.dat,26.40962554016001,4,0.5469999313354492,26.409625803380642,10,0.06500005722045898,26.40962554016001,4,0.5149998664855957
quad_b10_S30.dat,31.43156553177136,4,0.7920000553131104,31.702593647928914,10,0.12599992752075195,31.43156553177136,4,0.8269999027252197
quad_b10_S35.dat,22.44523053346353,4,0.6500000953674316,24.00927194866865,10,0.125,22.44523053346353,4,0.6749999523162842
quad_b10_S40.dat,32.891274592789216,4,0.8369998931884766,33.12935209108606,10,0.23399996757507324,32.891274592789216,4,0.8190000057220459
quad_b10_S45.dat,34.6837012623396,4,1.3349997997283936,34.521130367206624,10,0.21399998664855957,34.6837012623396,4,1.2920000553131104
quad_b10_S5.dat,30.938738953150924,4,0.0840001106262207,30.938738959499577,10,0.016000032424926758,30.938738953150924,4,0.07799983024597168
quad_b10_S50.dat,25.454030954631893,4,1.9070000648498535,24.603320743171473,10,0.2070000171661377,25.454030954631893,4,1.8550000190734863
quad_b1_S10.dat,28.958784264363317,4,0.09599995613098145,28.958784335106632,10,0.017000198364257812,28.958784264363317,4,0.09499979019165039
quad_b1_S15.dat,24.43229683144865,4,0.27699995040893555,28.09065826191214,10,0.04700016975402832,24.43229683144865,4,0.2669999599456787
quad_b1_S20.dat,31.761062609944553,4,0.23099994659423828,31.30830098040953,10,0.04799985885620117,31.761062609944553,4,0.2220001220703125
quad_b1_S25.dat,27.331586011823802,4,0.49699997901916504,27.331586145780904,10,0.06299996376037598,27.331586011823802,4,0.503000020980835
quad_b1_S30.dat,26.060671895919743,4,0.36100006103515625,26.060672055628974,10,0.0820000171661377,26.060671895919743,4,0.3680000305175781
quad_b1_S35.dat,23.11335634237363,4,1.126000165939331,23.113356481956785,10,0.07899999618530273,23.11335634237363,4,1.1309998035430908
quad_b1_S40.dat,31.219159582755797,4,0.9720001220703125,31.219159745424786,10,0.1099998950958252,31.219159582755797,4,0.9579999446868896
quad_b1_S45.dat,33.81867032838427,4,1.4210000038146973,33.81842977580063,10,0.15799999237060547,33.81867032838427,4,1.376000165939331
quad_b1_S5.dat,30.232214423216767,4,0.03699994087219238,30.232214459326684,10,0.009999990463256836,30.232214423216767,4,0.03600001335144043
quad_b1_S50.dat,22.376481575115594,4,1.816999912261963,22.51409008986326,10,0.13299989700317383,22.376481575115594,4,1.7790000438690186
quad_b2_S10.dat,30.3304297288927,4,0.18000006675720215,30.330429794961436,10,0.01699995994567871,30.3304297288927,4,0.15799999237060547
quad_b2_S15.dat,24.844296978822165,4,0.23800015449523926,28.940492396150375,10,0.04799985885620117,24.844296978822165,4,0.25300002098083496
quad_b2_S20.dat,32.810875721458316,4,0.247999906539917,32.81087581824978,10,0.03399991989135742,32.810875721458316,4,0.24900007247924805
quad_b2_S25.dat,28.190450559250017,4,0.31399989128112793,28.190450690624075,10,0.06299996376037598,28.190450559250017,4,0.3430001735687256
quad_b2_S30.dat,30.711039969656333,4,0.5950000286102295,30.711040000798207,10,0.12599992752075195,30.711039969656333,4,0.5950000286102295
quad_b2_S35.dat,22.535322526601988,4,0.9839999675750732,22.53532266513558,10,0.12599992752075195,22.535322526601988,4,0.9700000286102295
quad_b2_S40.dat,32.190621288763836,4,1.0520000457763672,32.19062171457675,10,0.16299986839294434,32.190621288763836,4,1.0830001831054688
quad_b2_S45.dat,36.50670683945689,4,1.3289999961853027,36.50670708389881,10,0.26600003242492676,36.50670683945689,4,1.2969999313354492
quad_b2_S5.dat,30.601251572008646,4,0.08999991416931152,30.601251609982825,10,0.01399993896484375,30.601251572008646,4,0.07000017166137695
quad_b2_S50.dat,18.051564759728777,4,1.5469999313354492,24.19156497737194,10,0.3450000286102295,18.051564759728777,4,1.503000020980835
quad_b50_S10.dat,31.179917490913184,4,0.06699991226196289,31.179917551439658,10,0.014000177383422852,31.179917490913184,4,0.06299996376037598
quad_b50_S15.dat,26.501139062423622,4,0.20600008964538574,25.886649700972427,10,0.032000064849853516,26.501139062423622,4,0.22499990463256836
quad_b50_S20.dat,33.36789425102277,4,0.18000006675720215,34.069456296690866,10,0.12199997901916504,33.36789425102277,4,0.1830000877380371
quad_b50_S25.dat,27.550292907587068,4,0.35500001907348633,27.550293034105476,10,0.1099998950958252,27.550292907587068,4,0.36100006103515625
quad_b50_S30.dat,32.2938562239704,4,0.6410000324249268,32.293856412690886,10,0.15899991989135742,32.2938562239704,4,0.628000020980835
quad_b50_S35.dat,22.554988970710607,4,0.6110000610351562,24.132455014157035,10,0.16499996185302734,22.554988970710607,4,0.5950000286102295
quad_b50_S40.dat,32.34494256361401,4,1.0909998416900635,33.241002791114,10,0.315000057220459,32.34494256361401,4,1.0820000171661377
quad_b50_S45.dat,35.46780706696449,4,0.9249999523162842,35.64265759722358,10,0.3039999008178711,35.46780706696449,4,0.9049999713897705
quad_b50_S5.dat,31.031526413424732,4,0.09100008010864258,31.030500380997033,10,0.014999866485595703,31.031526413424732,4,0.1119999885559082
quad_b50_S50.dat,19.529731154179466,4,1.0950000286102295,25.73444129523485,10,0.8600001335144043,19.529731154179466,4,1.0939998626708984
0.0,0.0,0.0,0.0,0.0,0.0,0.0,0.0,0.0,0.0
